{
	"name": "elapsedMillis",
	"version": "1.0.5",
	"keywords": "timing, delay",
	"description": "Library for making responsive code easier using elapsed time objects",
	"authors":
	[
		{
		"name": "Paul Stoffregen",
		"email": "paul@pjrc.com",
		"url": "http://pjrc.com/about/contact.html"
		},
		{
		"name": "Peter Feerick",
		"email": "peter.feerick@gmail.com",
		"url": "https://blog.peterfeerick.com.au/contact/",
		"maintainer": true
		}
	],
	"repository":
	{
		"type": "git",
		"url": "https://github.com/pfeerick/elapsedMillis.git"
	},
	"frameworks": "arduino"
}
